{"playback_type": "basic", "segment_info": [["BigBuckBunny_4s_init.mp4", 45226, 877, 0.026953935623168945], ["BigBuckBunny_4s1.m4s", 88783.0, 43062, 0.10971498489379883], ["BigBuckBunny_4s2.m4s", 128503.0, 69162, 0.4802529811859131], ["BigBuckBunny_4s3.m4s", 177437.0, 99254, 0.19866108894348145], ["BigBuckBunny_4s4.m4s", 217761.0, 118638, 0.5779991149902344], ["BigBuckBunny_4s5.m4s", 255865.0, 110936, 0.21731805801391602], ["BigBuckBunny_4s6.m4s", 323047.0, 105488, 0.19766712188720703], ["BigBuckBunny_4s7.m4s", 378355.0, 241936, 1.832624912261963], ["BigBuckBunny_4s8.m4s", 509091.0, 288784, 1.5288889408111572], ["BigBuckBunny_4s9.m4s", 577751.0, 311430, 0.5771119594573975], ["BigBuckBunny_4s10.m4s", 782553.0, 425152, 1.452538013458252], ["BigBuckBunny_4s11.m4s", 1008699.0, 580463, 1.2023060321807861], ["BigBuckBunny_4s12.m4s", 1207152.0, 733302, 2.178096055984497], ["BigBuckBunny_4s13.m4s", 1473801.0, 965248, 15.789045095443726], ["BigBuckBunny_4s14.m4s", 782553.0, 434701, 3.117387056350708], ["BigBuckBunny_4s15.m4s", 1008699.0, 313859, 1.8261699676513672], ["BigBuckBunny_4s16.m4s", 782553.0, 347957, 9.156378030776978], ["BigBuckBunny_4s17.m4s", 577751.0, 292379, 2.60927677154541], ["BigBuckBunny_4s18.m4s", 378355.0, 162977, 3.42399001121521], ["BigBuckBunny_4s19.m4s", 509091.0, 240154, 0.4842710494995117], ["BigBuckBunny_4s20.m4s", 577751.0, 335373, 1.5592329502105713], ["BigBuckBunny_4s21.m4s", 509091.0, 282676, 1.4761278629302979], ["BigBuckBunny_4s22.m4s", 577751.0, 195464, 2.408907890319824], ["BigBuckBunny_4s23.m4s", 782553.0, 333710, 1.368372917175293], ["BigBuckBunny_4s24.m4s", 1008699.0, 317322, 1.7217040061950684], ["BigBuckBunny_4s25.m4s", 1207152.0, 368809, 1.4083068370819092], ["BigBuckBunny_4s26.m4s", 1008699.0, 441016, 0.870913028717041], ["BigBuckBunny_4s27.m4s", 1207152.0, 490986, 2.9485199451446533], ["BigBuckBunny_4s28.m4s", 1473801.0, 444405, 2.269243001937866], ["BigBuckBunny_4s29.m4s", 2087347.0, 1150571, 4.024180173873901], ["BigBuckBunny_4s30.m4s", 1473801.0, 953695, 3.4711921215057373], ["BigBuckBunny_4s31.m4s", 2087347.0, 1166860, 3.4716601371765137], ["BigBuckBunny_4s32.m4s", 1473801.0, 662567, 3.6473581790924072], ["BigBuckBunny_4s33.m4s", 2087347.0, 1171349, 9.145323038101196]], "playback_info": {"start_time": 1535112675.179699, "down_shifts": 8, "end_time": null, "initial_buffering_duration": 0.06362390518188477, "interruptions": {"count": 0, "events": [], "total_duration": 0}, "up_shifts": 25}, "video_metadata": {"playback_duration": 596.46, "available_bitrates": [45226, 88783, 128503, 177437, 217761, 255865, 323047, 378355, 509091, 577751, 782553, 1008699, 1207152, 1473801, 2087347, 2409742, 2944291, 3340509, 3613836, 3936261], "mpd_file": "BigBuckBunny_4s.mpd"}}